company_name,website
Stripe,stripe.com
Shopify,shopify.com
HubSpot,hubspot.com
Slack,slack.com
Zoom,zoom.us
Notion,notion.so
Figma,figma.com
Canva,canva.com
Airtable,airtable.com
Asana,asana.com
Monday.com,monday.com
Intercom,intercom.com
Zendesk,zendesk.com
Freshworks,freshworks.com
Mailchimp,mailchimp.com
Calendly,calendly.com
DocuSign,docusign.com
Twilio,twilio.com
Datadog,datadoghq.com
Cloudflare,cloudflare.com
Atlassian,atlassian.com
GitLab,gitlab.com
DigitalOcean,digitalocean.com
Basecamp,basecamp.com
Buffer,buffer.com
Loom,loom.com
Miro,miro.com
Linear,linear.app
Vercel,vercel.com
Supabase,supabase.com
